ADDRESS,PRED
0x65b5db3f268aa8cf6d0fec1a8cbf4a30b52c3c74,0
0x0367568ee6badf415ec83ee7c5a218970469d272,0
0x0f34fad7e7ff8ca05b33458df51f492951475ed5,0
0xf965d4721594dfd818cec6031ce7b50889653fd7,0
0x9892695426b89130c0fd0c0edfa0f559399997fe,0
0xffd5a96517b02b421b89c35860ea55d1fdab005e,0
0xffd26cdc1401c43f196e3290549857b53bfd6d11,0
0xffd009a48c728cbb9ba66eaef1b9fabd244dcc8f,0
0xffd19aeb799e242a1628667474044763fb7255b2,0
0xffd0ce5b1e76e3edcf58488147234e71ba42d0b5,0
0xffcda2b9363559829359727a1f7c568de1aaea7f,0
0x89b929e928b3ba6d4d2c9029267f45d250045059,0
0xd1742363d44ed5e86a0874d0b4b7d3af65461995,1
0x924ed16ccd0280e29415b714325128c4bf4875a9,0
0xdbcb39a23402a8cb2494016d8c0dfa9ad5394966,0
0x3f435be6504aedcf862ae49578945c9474076a56,0
0xffd3ace761f79de2fc9cd044d4cff87a00ab4ba1,0
0xffd06c662facb5dc7eac2dd055ac3d970630c603,0
0xffcc80c84894e058a2aa9f923b8b03481da5b9aa,0
0xffcd316d73b3f601173c5f33d744f490403f9516,0
0x8e859385933292d12f15b267df978035aa52f5ce,0
0xffd69e60fe6c1ec573564f3692758997e9f4a06c,0
0xffd436e93ef7605bf94da8478d34520ed017a47a,0
0xffcd88057a6e9733d61142f53658706b735ed8c8,0
0xffd3f54eea3e14d03e1b3faaba30d8c460f3b17a,0
0xffd18bc52ac46fd8568eb406a5e9b1cd46cd2c79,0
0xffcdf21ab9cd7dcf2d483bc2da53870b35bb7f2e,0
0xffd12e06bba291ca6db6217517fe72aa7d5c69dd,0
0xeb3198ee48ee7064c287b00d8ea41262574455b1,0
0xf1fd4834636dd897e3b56c1d870794ad7e4bc2e0,0
0x35fbee800f6d4dccfc2f4d3ac3873b1b8967c3f5,0
0x5132e11d447033d3c3a86cbc3eb85cb1ddb7ce47,0
0x33f8f0e2638bb3ea12d533f8a9a5eece70690178,1
0x68a8be1ec845a3e9e484d9ca85412b8247b270e8,0
0x03694e0279991c2a2c9814f0722d74d7b69a517f,0
0x28df58fffb179c6f84b3e2fd2399cc0b9d4c415f,0
0xffd11af6e2e0e73ef41842514bcb67eb953806f5,0
0xffcf0ea1066a57feb12d4622750460b2e1f64637,0
0x5f82a3967f279729a7c58d741e9824a6d653317e,0
0x599eeeaa7b8a25ba96d9cd6d298bfc0766be39ef,0
0x3251069e56fa91c8e00e891ff938cff48f831ffc,0
0x7c18310bc08f7e80f5c7a0b7dafa0c5d4d79e33d,0
0x6105d9a370541da8b9d944d23ff76f2721154bd8,0
0xffd21ab9ba1527f6a006262775638019fa2336ac,0
0xffd0d9cb66f30db9ba050abcd56970d93445f57a,0
0xffcd7dc5075277a1b0042d83f4476cccf4f92f82,0
0xffcca230a41da33ac2ee423a4f85c04789302911,0
0xffd10dd724c953d7d2fb73f48b8f9994121250b6,0
0x6e81b866a72075dccd935e01ef9325e63357b81d,1
0x7f115b6e861f3a1855dbdab0c9d97f53ab38a7ca,0
0xffd4e8e261f5e7db87d2f977c220207fee3359bd,0
0xffce9f8bc0e75d64ff35e8e7d79a77edeed0013a,0
0xbe8a474fc3125c3f723b23860f9e2be53bdd75bf,0
0x3de3f0a5035e51819d3b765bb9c29c4a384f6a35,0
0x66220ddb799f18626f784d53a2e635f8801491da,0
0xd6afe93af5a7edd8ccb244f6b02b0538af6fb693,0
0xa2188201fd380a2658074d47f1f73efe47dee12b,0
0xf1d5a14da18a8ea4f0ff8b3e28b9d5fca782eb6b,0
0xfe976842316ec402eb78d217d02190fa9d3ee7c2,0
0xb781ea8005e7871d1732e986b7a2976b2b12ce0e,1
0xffd650150ed727fe58a76df69fe425206be333e2,0
0xffd2390edfaf803f4250542ef716c074b11e3c4e,0
0xffcf0b329041e0cf578ba253407629823e31e248,0
0xffcd74df297c79db4ff30646f1c006de2a4fbf3b,0
0x0d32ae48d7475dc78ab14d0f61f56470506707b3,1
0x9b71fecae47cc2152a47e0d188bb6825ccd25c97,0
0x700c18f3b2033088bec8025aa5a65f58dc23084d,0
0x1d367e93f2aca3108c5f7eb5ec3007bf6997281b,0
0xffd19409f95249dde54b684bc5c90c725be7b35a,0
0xffcfe1ff8732f6a422229bfd997520b6c6347821,0
0xffcd6d939244036adc9a8d2db51eb3c21a24463b,0
0x227dfbceefdeae5f17061a2a919aa228b27ee792,0
0x95ad97c276577432b494559605302ff75d951247,0
0x796a5f1055d5f7f2a3437995a076571d4315fa72,0
0x0d44499364bb5a9710c79c5707025735b44ace51,1
0xce03f0bd1e2e2071e5f483e7da4b45f2498ed7bf,0
0x465a5eb1de4a9cf854a6447c749af866a544bf8e,0
0xd35284fa22d25de406ff74d443c45685288c53a9,0
0xffd47755c43be01c935d75158210b8cfa12025ce,0
0xffd0a7d079c89af40bae84a8063c144a6453ce68,0
0xffd3df2a3a300d150f44939a7bc33e776f153417,0
0xffccb4ebd71acf46313cf493660ed4fb68f1f213,0
0x5ce1ae15399746fd3621905f97065bd43ff11f2a,0
0x8478a1aed8358d67a04b5b03f47421027c824c51,0
0x8de30586d1bc3fd4c215add656bf9122ef7c8194,0
0x9915ae7f1e8eefddace43cd0f2bf4cc153f65e4f,0
0x3549b97d9bac60f578262c25f86ae2439fb74e9a,0
0x49e053343a41956331937d1e8a45a67091f6379a,0
0x10c15a4f36361c04a42961db09c5b4f9c94e33a1,0
0xde5b953ef20dce4850fa1d2027f400d9fbdb0556,0
0xfa361f4737c8a6891ac8d46733b14c74df03ec52,0
0x5e31c279e73fc4c2e6e40005a73541561d3a6f1c,0
0xffd02cf5e8a8e7d1fb90f13bff1c2a80d60afd7e,0
0xffce5a279b7831ee9ddfac32152071512c535845,0
0xffcd0235247a1955c6893eef76729410f4ca3450,0
0x798bd250ff09d7ed4a44c02c488bb37c034623b5,0
0xdfc2584d63af904549720fdc7487df7008d9c6b0,0
0xff800f5127be3e786adcef17f0f56cc484ddbdeb,1
0xffd4861210b639e1324f849a055e283ee38821fd,0
0xffd47e84214acbd612485e89038641fb06d87349,0
0xffd05e781255aedfc0a691f152dddaf3035b20c3,0
0xffcd3e47b6f193aa6c23635714a4adeba2ed4f5a,0
0x5874a5d704de2d807d0420b9b3ce67bc00181d21,0
0x238ecd7fbfd5132e48420b0c89b64b780dc16cc5,0
0x5e2e5e4d2c27a8b21e49314a945abb2f0cd5f39d,0
0xe65cffaab87c11c2a5c7a68108606608a483c8c1,0
0x5df91c620b5ea0542113564f563ad063f5b1b328,0
0x7242aa14d73883453c57a38c6e17d6eda4a6061e,0
0x6ab839aaee40c5fe6c305f5aad91fbf2df3d0602,0
0xffd0f888e36ab1482feed730c54a1d0cf6450399,0
0xffce16b4a9f7f51bf3705cc62cc1ef05d015f2c8,0
0xffce02d169b04b6269cd94f4cbca1445a7264aa1,0
0xffcd4e2eb7a2c5bf48f9997eb39283157a2657e8,0
0xffcca2f3e44a323d9f1e1325723686dcbfd801e6,0
0x71be6e64a048c4b65f376627c237b3f79b899ae8,0
0x4f84ee065c2ef0f085d81630d64e0e216fc48e60,1
0xb12c2b816ccac4fe685b8acc7c4d565554615227,0
0xb53d3825a4cbb2af4ba9fabe0d6bd677a554b750,0
0x19de955a3b2298d802c52e6987bbdd7274c192dd,0
0x0d8657b528dc09c7160a37da8af9605e1f28d179,0
0xffd465dfaea1a0f4fab8ea8cd8e61dae643def8c,0
0xffcecf934be587c5dfb1519197c61a701f01b087,0
0x5732715c2dbd72bd9adc5b1484f66e37179a2a60,0
0x0af4e0c1f67f0cd47e134bd3dfac539a36a081cb,0
0x36745657376ae15873629bc3a751804c2d682f4f,0
0x16f87caa2171aea2106400973c1df1bf931fa91f,1
0xc31a23419875c9a522002e99e039562e04dae48a,0
0xffd18978fb2b6eff9e7486416c21a959a237f2a5,0
0xffcfff8b2b1aafe16780d1ad0f681dcb3cd3d15b,0
0xffcfc6362fa6a184ff392a50c2ab38f18f6b7278,0
0xffcee4defd26b64dd42a832c28c72de41a7d910a,0
0x6997a01cca6a1da0954ef4f915986724b52a1ed7,0
0xea73845b3d599ef2357eec262e3a67b5fab7eb40,0
0xffcd9dbda9d874ccb415bf4d22283b3bc855fe59,0
0xffd6413cc0a8cd84f021d9b8b2e87d9a23f8c3eb,0
0xffd61d75ac0de87ae4322fc549a4cc939b0bab35,0
0xffcec17615ca912103a0973feab143576af573f9,0
0xffccb376d1a00f634be4c997d428215b787e6f77,0
0x6dd410ae4e0564917e7ecfc3591964e8f6e51f7a,0
0xdc8657e50e3325ef93902736aca7a58cfbe9ee9c,0
0xe9f302a0c2fb70b20949524b0e02cd97c7eec267,0
0xa80f5be511fc1a5e65442727a050dfdd45f2af9a,0
0x0298501f77e8e70bd79858f4f3a423bb57955e0a,0
0x44c8f811ff5884dd27f15a86a5a17e0bf1411e94,0
0xffd486e6189fd9c1983918ba6baf7b0d83ca36e7,0
0xffd4816d9d59a129772fb3d0ff7b6e4fb22021a7,0
0xffd3ed1e593a5fd39b409beb76f32c2fe6d8c478,0
0xffd156c796e60caee9c4e10e77dcaad363ef44c8,0
0xe59203756667961233b42d2fb411591199eeed85,0
0x302eba5b6f211b7bf5e166a0f7b657a47f9acf91,0
0xd551874ee86fc013391003c4fc7c9a75ef12d0c3,1
0xca21a93256c16b8efbc1ba342c74ce32c7eed860,1
0x02a16b9bfe721c68d52116f62794080c1f542f13,0
0x0182e2c99b269e0465b9e7cc729ac413a1937477,1
0xffd60964585f8b928f22e3dea2decd38215ec472,0
0xffd54abe15c68d36f6932210ab3225e05c6d1e09,0
0xffd4f8e16267786411ec95ba9cc5231179f850b9,0
0xffd1afe74b8c88135202796cebe00e3026c2144e,0
0xffcfd82626fc4435fd26571b8a99e2ce1b52306b,0
0xffcf7ef6e8e88df2206aa23627e5948b74139077,0
0xffd25eb8c5a53255befc36bb1788b7534c71d2b9,0
0xffcf08c7dc33c2940774f633d1db814d45d55c97,0
0xfdea40fdaaa1e8060d47fb4b15eeeb5d4b27865c,0
0x45df5e63c1d17635ab155cb93a10d53c34d4bf2d,0
0x31bf13af21025c730295b2bb468cf2278e1ef9e7,0
0x41ed0cfd69d63f801b91f95ab9a41e91a4b020fa,0
0xffd306ad055e2601e157c6e946dc3caae19ba7dd,0
0xffcfab2537eddd09d1c2fb0926f51a5138f6d00c,0
0xffcfa7bc617ebcb816ef18032e34a3c32891dc95,0
0x3061cc84fc3d39f035040ceab1341ca29a353f11,0
0x54cde07b5f40a6c2345159307420af67548c4ca3,0
0x7bde93c2480750654ad2291af7424b794cfa31c2,0
0x16a0217ca346bde6f93fcd9f26f7d5e1f8569b0d,0
0xffd2ac8c41332eed61a07f5aa4455cf290778422,0
0xffd244ae199379919c70d6eebec385725a9a4564,0
0xffd3575b1467a9ba905c313b70554bc1704182ad,0
0xbb5fc7724f6a309edc17bd91d52167a08bb2dbc0,0
0x76adbdd44f26c95f02bd2c751bea21ae75f42cc7,0
0x067c0347d56a6813c94129548ee16d9d78eae8ab,0
0x0ee8d5fe0c5cba1835819eea137c2e2fee9dd398,0
0xa599e8c7f4bac6512e250055a96a20a72bbac75e,0
0xffd116c286398993301a7ea748650c753fa96e68,0
0xffcef11eee0ee2a2957e762b8f005c50206833a5,0
0xffcd481880738ffd5bab060f0c990a53eea6d1bb,0
0xff759834368550ea38aaea602a45ae1f2abe0307,0
0x233cfe3212d11862e25f705fcc7c6a1d7a233d44,0
0x1d5f61bb67d405425413016162686a39f6d45092,0
0x1ab7bdd25d3b718a1f32b52fa6135e36c7865010,0
0x9f6bf593087fb9cd18e404625a0315215d2bc6cb,0
0xeac224d5d3b073371437a8d4f16d35f7090c4206,1
0xea73ded14951e24797cc8206953500be968dea00,0
0xf9da0e1d25aa9c80b6d96047ea3476f2561e1233,0
0xffd6053986058f20e430562efeb62f899c7a66aa,0
0xffd11acda9cc0f3eb7fcf840c94292e6c21be561,0
0xffd0dbd545e6735f3f7557a9ba9d5221a466b8f6,0
0x0a167d567830b9d06d682acb8eef1372005e7fba,1
0x0d87fa2df4eb437f40ff7f7b7e7af6126af9fe7a,1
0x5a025d3bf63260360ede1c386d67d46d402d8454,0
0x19919659aa38633e229217864a5f7f072dc497c4,1
0xffd6102c294ba0dd0b24c0e91cee19e40cb2997f,0
0xffd573726ef483a36f4e9dfce19128fb43acadef,0
0xc5b8ebad4c441b05d1fa8efbd5ed99dfbe3be76c,0
0x8ec397d5c8709e8203c7474fc6fae68a5ed6570a,0
0x26586a7d2007e55c612aeeb768699f52a619d652,0
0xb91a3fd47cfbbd07804e88682bec08101e180096,0
0xffd50b703248de20ab353222e93a7de0209c918c,0
0xffd4f06580a905a4b11c7814632cdc7ac4a4b953,0
0xffd1c338557e061a2bc661c1c1dce04b22c8c50c,0
0xffcc9c6c7e414e1d3af441529bfb64834cf6683e,0
0x04756edf13698780ff89f6383209ca4fd1050aaa,0
0x399e958dfd56443555358da64a5ed0eb8bc0de45,0
0x7f9c17de7520fe93d954e4be9345547d1f62a752,0
0xb2e9d9fc04dc201f0136b4c0d4e1ebf4d22ac276,0
0xa40830b5a866d1d4ac27cad463af414f48b53268,1
0xffd442b1cada079503e57f3c2cf8a9973fcd3b29,0
0xffd3f6ab66213f3bcaf7f81765804a33ad678d09,0
0xffd3ead57160919f779b2d11f91423ae38a0ecb8,0
0xffcdc3343298af5ed162bfac09e359c4b9dc1444,0
0xffcce7e4df837329fda1cbd91c7f08c91d0ae4f4,0
0xffcd7dd09bcb4d7835b9bc0db613b6f59969364b,0
0x94a88e745f6b9f41b23c7b59ad8e0352b2740e6f,0
0xeade87fd6e0537f6c0e10f7394f39474a449c27f,1
0x74f5cc470f679ec755b78a32b72757a3dbf23e85,0
0xffd5c411891946d91c246c6e66bc69d1a022811f,0
0xffd27f1fb7b00f99d966dc9b715951487dc9c98a,0
0xffd0a9d7544035389873b29eb394d33dba59e485,0
0xffce228195cade24306974b328c9547435631796,0
0xffccfaf49f33ae9915be086f585aa61e4f5118c7,0
0x18e8ad933d707d3e243eb8b4ca487efae7cf8eba,0
0x4d11c6418bb178447162d56c081b775f5a9ec30c,0
0x44a9591bc6f0750a219c88d4f908acdbd64d619d,0
0x3bb32f84ccd9e80de27f2884bb3999056ffaf1cb,0
0x586545c620692aae5c3cf7a385d929258765bd2c,0
0xdc03a3997fe32c6268583b8229e0bb4e52cb39bd,0
0xb209af4cb17753e265f14b511b911ff01f106438,0
0xc5c71e9671406879bb30f29adf5806bc58da146d,0
0x39c00eba9a4e88f977784d28221e48b3f3c18346,0
0x10cd8166be61fefb4ea0371b569405074f508b10,0
0xffd6382a78a9eb7851cb804eddbeec32da34ee15,0
0xffd5ff2f24d2045294cd35758e1a8073c27c9ced,0
0xffcf7fdbc1acdba02bf1049986d94b6677a2ade1,0
0xffcf7982de29e80b09298702da4c3ba8277ab879,0
0xffce7788e8f373d26e8c7fe467d605cf788f9436,0
0xffcd6c4727cffd204f3a0185937a638a94222c38,0
0xb360118829b0a5367755a1c3760ffe452fd96707,0
0x9f7748e42c7d6927f008b9ed252b16dfd6d738b6,0
0xc00c5dd393fc156a5929a648db6bb5774a3d8abd,0
0xffd5cac8cfa7532f7e533aeb27e6ee8e4bf3e718,0
0xffd4c49b40cd054ccd5b403abbf009c54524f7d7,0
0xffcf130a59198b2f23d01d8d4417239edd4313b8,0
0xffcf0f7eefb71588cdd9f3589d84e1882c8ef74c,0
0x281ee89fb65a5a6bc9ba73aeb9c5b322bcc221a2,0
0xa75fa7dea69abd84c9812919039cb33e2092aab6,0
0x77819dc12f609daccf108e06288198905a1f69d8,0
0xc7b7d1e28034a883b32432b2a873a38929b84b01,0
0x04915da5f1508c4babbfdd129f6ce89ac003d068,0
0xffd47bdbc056f11122a848c2eadcc9199ea3eb39,0
0xffd1fcce5a7ef539e36a5da641ab611595227774,0
0xffd1c958f1dfb978f63061beced7e1632b870ad5,0
0xffd006d39cbcb9f7b92dc1e0db4e406b4fbb098d,0
0xffcfe66f5e5c13b6099900689ac9dfa9e606f5d5,0
0xffcf8450bdcf7eaa3e67c4a889b778544a81e220,0
0xffcdc9e105b4325689cbccffeaf431a055e85d30,0
0x3627a8a92696360040469e2f122f0695e1756277,0
0x4fcda56b0c016bdf0c5f0b6bd81ae8b26fb76b78,0
0x7c60836db0132a3e91d65f1b9211e493a7a96891,0
0x56f6424d8d6c6d14bcdeec734915dc3a7fb002ca,0
0x84193321f5c99085e402077d308ff711f83fd342,0
0xffd55a5a00ed8af6873b4bf18d8ff9ca3ad120e4,0
0xffd3d84b9d3e49d81e5a4097bda3c59e80ec1c92,0
0xffd1bab2843abe4925a30de978d954d440278d4c,0
0x2f228d7b0e0392564ec5b1c642db3d5effee06ec,0
0x1bbd4807b4a7f0b055d223828c592fd00cd66344,0
0x3fc6aaa9529211daa1849d03b6c867d10157fb0f,1
0x66313b94e763e121ee88fc9ccd2a25ba9075f9ef,0
0xa64e54a3dc33bdc1cb14ed3f5ebbd112ca4fa1fb,1
0xffd1cb55ff16efe5c14b053a6151f76d473e7f32,0
0xffd094800648dba3e17f7e1045d9bbc97a0cec0f,0
0x34504644b56cbe86b34f39e679c435d435f18747,0
0x1369f2ae894092f9b604b0cd0f3f04ba0f3ca713,0
0x722fa24f9c26e60ab08403e668b93e82d7f6ad3a,0
0xfccbb2d3a88bd91fad9437056a49f767a2290dc9,0
0xffd45b40e0bce13d867c5c45f4291b615c2d24b7,0
0xffd30970856efd26635e4769d87627c4b5d62960,0
0xffd23daaa51cff2e45342ab8e8dc4b6b1757d55f,0
0xffd077211f1a0e83397140da5612814763985409,0
0xffcfc7d7740ad94f867d8f61404319d26ec93b1e,0
0x33be1da2ba1e16ec5648aa79c9bc30d1c7af6253,0
0xa092437a70e7f0254a2534d5a228552b49505aa7,0
0xffd5aa7aae688f99ae5cfd5ac2720e6e19944584,0
0xffd4382c1f9374b1fed906dab7a0d0074dda2527,0
0xffd3665a425adbbf515bf5c8d7f70d771f4f53b3,0
0xffcea0036685102500bbc236ebd6163cedb1ae73,0
0x16337177f0c929a945fb271ac9548ddea8246969,0
0xbee7d8767440b01f89b4ae4a4a7e8c7d58885aed,0
0x7b3443194775802c47c08a7efb0b57b07c4d95eb,0
0xaeb311aed6cc6e4f690f88adb65a7d2f1cfbd4a2,0
0x833d4379940f3b30b0d258d3fd1258ad51222e0c,0
0xffd54d8ededdb12c6e57ccd4f76174bc9c356ae3,0
0xffcddc8f27ee71aec904f494ee0f90975e8edd59,0
0x8c32847eb2a893b3bc8b0f8441d341f4c5684265,0
0x3ce8bf99a986592920fbabad7bb8da94e9c99cee,1
0x8e4716962763a107b76e2d268d6184cbeee60952,0
0x24c4f64faf673b83a1d991bd2d288f753631bc8f,0
0x206341220d66a519117fbd1f756224303daf032c,0
0xe11b023b790147624542f595fa0768881c576c89,1
0x2f1d845656d1da35cf6b16d2e59023e83e038295,0
0x98e77e81f2a7b03fa5736426cceed518c82c93e2,0
0x2e007b403b9cc733f6cc5a38a5094a307fcbb132,0
0x009a42e3bc21edebeab67151deda7538e2c5cc97,0
0x4d36918e7c6de44cf2c06d912608328acd23f715,0
0xffd58c7492b6d1b3a6a144b6f062aade8278985f,0
0xffd28f91a82466a38c79295860980e319124105f,0
0xffd17d67864462d49a4927d872dbd241a388fa15,0
0xffce7d7cfacab0bfe5ba271d19816f0386e8e7d0,0
0xffd2a8e8f2f6f2ac06eb43550299d60ec1c9937d,0
0x2d3bbd4052272b80b81e14a508bf996149e1ce79,0
0xaf03c6622a30fd9d6af352fd38dc81b648e09fb4,0
0xcb5ab3f47bef834722c51a793f2e3a4d1b75a791,1
0xfc46abd62dd76ae32f3c789510c84799ed49a69a,1
0xf140b5847290e845b9a8b02ad1c6a9b37c940a8e,1
0x93539ebcc5aaef71b6ebc57d502b0520b672f411,0
0xadda61513039079636fa13ec174c1f48350b6084,0
0x7d8dd8f594f5f5fcfb82b89e37f0d6abf94dbcee,0
0xffd62845f4bf71427332a02b4cf7183ff6550708,0
0xffd1f38519e1eea3c90a8e9e8cf7295ec07beaa3,0
0xffd25d48e5eedf4d3a043571b185c096629184a0,0
0xffd2144e0eff3bd54b999821cf9844f74e6383b6,0
0xffd1c6d57a14215feee99a1da904154f4bd36cc7,0
0x487402800a0c9c7b004c0489f246b99e9fcdf6ca,0
0xffd4ec4462159a3ff888f3458bbb62d3556b5d4f,0
0xffd43e9c81f1e19c8409fe2cf75b63783f0af744,0
0xffd40518cd1b045bbc5f8abded46d8d6d597947c,0
0xffd1ad136f1966c25122ff66a45cd51d744329c2,0
0xffcfcdff49c3f12e37d55777c09599d6cbb01b82,0
0xffcd6939dd5acec81a719ba5d92d56685540a0a6,0
0xe0c31b3e341e7ef3c04eb14e58802b88a80a45a1,0
0xb2bdd43057d58fe7fcde620323f1e30c2889999d,0
0x8da9474541db2da5d793f82a6b0c1ff2f79ee610,0
0xe3f05a6756766f46d0aa54615c944045c7d7ca66,0
0x550fecfa4ce320669310e8d7668d4ba1ea69a3f8,0
0xb5f1b05dfd2c89bc1dab95ec99f1b6311b5fa071,0
0xcd53635aa0043f51efe74cb153484cd4d18d8607,0
0x6a70a04b8c3dc3cf90dfb17cd66a385a7a7b332b,0
0x5a237f340b27d782c99a2522db35caaf1c366130,1
0x03e16eecf52668c10974d248005b196a9c864cf8,0
0xffd62c8d711dd11b0ce2bfae4a6f4ba4f618161e,0
0xffd58ed5d52629cc9c214df0970486b7cdf6901e,0
0xffd1f35bd35e5fb61512123f43d2bf517df67688,0
0xffd13a4e26140b097b82cd1622a10c0874416032,0
0xffce8db33abf0d0218c8040f109ef55dd2b5d15c,0
0xffcec7a6cdb218935c9224f00a963c7b64200f83,0
0x2e5b6c3301679cd10faa4590931e425e6ebd80e3,0
0xbcd0118de18e8595dcf5200a7907f7d33c04492b,0
0x2b627f34c8595baef5ae91c33e71bc0c66b6a25e,0
0x1265a512f74bfa4dd77971966a51e5624674906e,0
0xffd59f2bf21594a8152b69b643524bced6ae7cdc,0
0xffd32f082b24e11544d7b0dffe43455b32ad519c,0
0xf89a23280f9be6fccb22b71db685b05c50695373,1
0x3fd4de23523c7b3f474b0589f4f273c0c83488c2,0
0x434a4c5db8095f65ced2d4a1c8a32abe989f7927,0
0x210d63fb8225e9610b3b0a16782ef9c557040e53,1
0xffd563e2fccdae878462a70b2e15d3d047de8760,0
0xffd16f8e604855a46df3c486c735cc6e0ccbdd38,0
0x19261d9cf356d8c61afa6cd7d0264d973357c3a4,0
0x56e0ab7a48b29821e3f801eac1cbed87969558f2,0
0xc69ed62a08bc4e67a4a445b7be7ea08881b34ec4,0
0xcce7124521e349961f1e8d5fe7601b0f1c8baf85,0
0x1eb676ccaca9c044905808a4f5fcb67914ec83b4,0
0x5ad0d1c3c04370f24b12152cf7c5aa0bf03a4c51,0
0x50cf8d3b179245fa6b6f57d77080736ac426db88,0
0xffd627ee2a3e4aa462d8c4aea809353f31a321ed,0
0xffd3f243668b0eae498c2a3f02e4c9b958e47f8a,0
0xffd3d2c294f2b16a06084f64e0c46649ee9971b2,0
0xffd3b85ae14f06265214e3975536bb132136f113,0
0xffd29972aa14cd8b61f4fd9a474ec7a813eed3b4,0
0xffd0f64d53af84d36844c3c2f7e76a93da804af4,0
0xffd30c876b285b38653f8dae6eb21f583cd53742,0
0xffcdfcdb3173ed439b955d595ec56a7f959de878,0
0x9a85b3e129e57e8cd36079f88b4cdcd9ffb0e795,1
0xad4b275576a71b1820dbb001bf4d62362f04d1f3,0
0x84cdd78043eeebeeb5477f7c839387434fa1547f,0
0x6f14171d3d6c0e38bf2a529d0eb41e1d75f95f47,0
0xfc2cb83ea9b5e1cc634069a368dc198e74588ad0,0
0xffd5e5b7a5cb4439922f0147856d49311af90f91,0
0xffd5af0cb61d8ecb3550db1e3d6fc0e44fda2110,0
0xffd2de5dc3165809a2c4ddc4c06b4f1a60d1df31,0
0xffccb71634d1b2824029d1c61eecbd38c0ad60a9,0
0xffd407ea08e79805ff7a4c6addab7de02d51fd9d,0
0xffce0a77f15d4491f2b1b28f428198faf9aa7c24,0
0xffcd38662ddaa9820396b66cbeb91809743a33fe,0
0xffcd1dc303d6415cca055bdcd7105766ced34520,0
0xffccc9c9097edd97e4e554655f6ab9e256b3c81e,0
0xffccaf8e800b84fd9d350eb49322e709fd034f77,0
0x240b64de5f56841e159b61e713ddb9cf95d64f06,0
0x7f3a6c6ef7af7da2227e6f84e80acf8b2ee56c14,0
0x4c28f37eeecfa48bb32ebcd3063d0cfca052d480,0
0xe2584e5a28e3d7d9cd20dcf55e6e3159828139ad,0
0xffd1a3cee0708cee35d40471cf2bc155ddeabe37,0
0xffce08a95d93197fb9eca870ca38c774ae9abda4,0
0x0678431b4697eaf68fe8d5ab62cd4c9c1c2e97c2,1
0xdbe00f96544842c1aa2318caefc53cd415360e3a,0
0x8e263a92814774d1d7a40cb07c7d24c6191a50f2,0
0x4f2bbfc73f50f6de9a0813cfc44d21bfa144a97f,0
0x33f04f1e6bf8ce119f662016e6762114c01ac6d9,1
0xffd38492d22c56b3ba9edb2f1df2666d9e1a550d,0
0xffd2659a24b440325b1369596ae728cefa9a34b5,0
0xffcf110643c06d3388ab9e786c31b90a835fd78e,0
0xd7281f2169314d480b09ead1fb7200bfde64ac04,0
0xb42c370f5a560a32d92a23889c6ff4d05261ffbe,0
0x3ea2b95f8d4bf2ad34536b35813640383aea49ac,0
0x598d96d0d81f27bc21cf3646ce86997f6782964c,1
0x5413efac95fe21af9f644c76babbb715a422c10c,0
0xd885a8029961f78754487d8e107e87b0ea879d67,0
0xa5e8f359d0c06b3b89f5f9bc8c5d62ded213bc27,0
0x1b31adc7063a31e76082602e47049c0575e10b5c,0
0xa1eb9b6f898ce404cf0608d9dbfcb258e8a9a5ab,0
0xffd3bcceb2b396445690b3a240315814291cf6f8,0
0xffcef9d3737797777490fb3eed8b02991c1f72b8,0
0xffccd2ee0cd23994b4577cf9067164f2725f4715,0
0xffd2e44d34718c4117b3aa81f4c90edb0617b790,0
0xffd14dda1fd349ef87efe5dc0cf00252145b8659,0
0xffd0eb933e344274dd2882fa25f67bc4189c04f7,0
0xffcdc907cd3d447f09974fc947ffbcd2ffafaea3,0
0x76ccc39ccc997ffa458e7a340e325e56c8ab0953,0
0xe92071ab44d24d3272e61569b26828b876f530e4,1
0xb6c0da06a5082b9f65e5c71448cc6a723a17af1b,1
0xffd63c3b1a3d4ba8f73522863a61016f74ea9432,0
0xffd57b77fdec5a38cfd52ce11b40d6e1cbfb6d11,0
0xffd273007ccd27c052ffaeb37d68fa14055757de,0
0xffce89d3dcd1d0b9d27d9de7a2947cd02e07c0a4,0
0xffd00bea895869f9303cf751a4c71383d630face,0
0xffcde2080d4bf3deefed737c0907727936965b6d,0
0xffccdb1cb018120285659deb74264e9af086095e,0
0xffd2e8e4270a53a32ef04d7d1b307c63aa4bc64b,0
0xffd01ffe83f811b5e2427cee67bd77806dd24e07,0
0xffce76f93980dcab9b758223ce2874aaa57cf3d2,0
0xffcd425cb1e92533853e063f4def0d32421a10df,0
0x36a31191a0abda91f7ffe21fdfcda1f74481ffaa,0
0x848a494fd6cea96a84edfaec92f9621d66926006,0
0x9ae09b4d6ee714ca463cc7fe4b825f84e9bcea8b,0
0x53148d0c92e826b5501bdb1633f41a9079155636,0
0xb88a6ef7e808cd122f98dffb1b2c039299428dc9,0
0xd19970027ff5ae8c45420baafcedc44a215e4996,1
0x80814ee9b527d0285b7759043638d6afa6b803ee,0
0xfeb819e09ff5443daca1a2aa20cf2c0aa728d664,0
0x7c821083145080d85d1eba3078d7e1a4e824407e,0
0xffd61f03a8440d128d75fed1571b74aec753debf,0
0xffce71a6f1f9f81b3254024c24b347f215ce25e0,0
0xffd4cc4c06024b7cf068ca1149bccb34d0ef5ad1,0
0xffd0b5ab7c92a128c18e2b147e005af29a53f1d7,0
0x0b33b2620953ec11746dd79e01c5a4debaba93ec,0
0x74f4a4dad164e0ec6a26f2341d7647e0fa120e5e,0
0x99750f02714fbe84c55c0d6c08b6212312ce3aa9,0
0xffd66e891665712e72bd3e816bbe8f9c7394ffc5,0
0xffd44449890f8dea715fbcdc665366aabd2167ac,0
0xffcfdb1fb8c84c8a4322763e292004095d54d2f8,0
0xffceca92a641bd8b68748e35c161915a4825176e,0
0xe31f7ffe168cc122d05e262d7a398b53b151d603,0
0x8a3b201e88059bec5c1f4e324942c3342012363b,0
0x14465d7c9c9fb877157cebef374a85d625da01c9,0
0x30bb2d56bd20fff83bb29ef544fd11947ba5a856,0
0xffd6143434cc292d40ca7131fe75a6ae2d0d6c04,0
0xffcc7f8d55f312acf47061f7b241f7c5089ee8b5,0
0x91516ff1b059c3316692bcf3149152dc51ad44ef,0
0xb3793aeca0ba44a7e32aa0046016f0cc14921994,0
0xffd4d39e739f8547a6231bcb298482e9e6948561,0
0xffd3281dc48592c4a9e8e948c546ebbefe15a544,0
0xffd3310dcdd304c6c34c48222e24a2024487252e,0
0xffcec807ed8a32c4001a2fb593f2ef76a8b15f18,0
0x36eb17df30ed188d07b0439341f1a44781d0e689,1
0xce7c55f268e899aaba3eb28748aa1d6f7f40afb0,0
0x8fafef7d8d02331d2be474779f77ba4f2fdd9e58,0
0xffd5797e76170b9e8a27b80cad5ca7f8ebc33c88,0
0xffd5f09723d7ede8b2e92c72c16d9e915152f42d,0
0xffd301d740ff43aabb0fcff0c40664f3150a770e,0
0xffd2dc42f5cb535ca3c6abdd14a95ac83b2d8128,0
0xffd26c9a55581fdbfafd147a7c4d7af35762edbd,0
0xffd1c78096ea0312673cd450659d261bdb1754c1,0
0xffce1cd0bbd3f99cedd043c8ff3d315f4ff38218,0
0xffceceace3a90d279be7d86824fcd19f14e7bfab,0
0xb5a6059c9a686522eb4d42b30d2af19c931b0794,0
0xff6ce155e2f89c22fa15d7d7b909180e468482a1,0
0xffd2d75e333106cad6b9cc8f329a1122ad6fb15b,0
0xffd2b6883bffe9dfb08fe27a18588365420f19d6,0
0xffccb6bf9d2c2e751a8959cea54ad6a25774ccf3,0
0xffcc76f5197c5f0b80e0c623c0786c9172617814,0
0xffce64362b245fc5863c9f972f8911c7242dbfa4,0
0xfde01c3a43570314ecefd77ae45a06d3485753ef,0
0xbb4873279a4d5cf86fe3826331097bc06338f6d4,0
0x85a383015e2471a0150e1ac1053e420e3cfdd68d,0
0x26cff6d6033d19ab21d04b9657919386a937a0dc,0
0x7d8701acbdbee4e6446aaf899614526d8365f6fd,0
0xffd5394d22b79303e6848eb68e30f93c3fe01cb1,0
0xffd492d171e7ebdb6f8471f99f61ea48250c3f85,0
0xffccf9b06891758fd2d4f89a3922c1b7b35b3f86,0
0xffd1d0bf35bfa6d2852d42e5a1f29817e2040661,0
0xffce734921212e9e5b1831725c5159044d5ed347,0
0xffce30db122121688fd3a4baef784b2acee785f1,0
0xffd034084ab0e14480fcf267ca23b008b80b2e51,0
0xf2554cf7d8f19c067b65dd977c61b22c996f5eba,0
0xf80720c310a932f1abf71d61ab6f0ae2576c2e58,0
0xffd2e91a0428832eb3988b7ec25dd26e2ee36110,0
0xffce6c52a7ee148fa942f45ad49ab0b13e94762d,0
0x0cf75763f9cbfb56f2a38bc28929d86c003c2a50,0
0xb42cc6ffa60d9e8a6585d782f6260825c901b867,0
0xd8e8c57557f5b568b31a47f3cbd7c98425c9cf0b,0
0x0732ec41e2913d4924b8ad4b2089d5022e027ea7,0
0xffd2f663a561b624e3678dfa1dc41d3f4ea9e502,0
0xffd24f1a5c813071746636ba10d74eb7214894f7,0
0xffcccb3ec65568b81d3ffaee32ca3916c87d90ae,0
0xffccf9087af5c8e697290b72699767ae9f2be0f5,0
0xffcc756e0c0d84b05d23b4879eadc9148c87670b,0
0xffd0e828c740cdb31fd71499e80c421245387ddb,0
0x0c9b33a2f42d99d09447ddb8777ccaa5fd39770e,0
0xb493ffa9c7522bc2b8c3751beb436d069c20c080,0
0xcc6ac943fb2b84fa5b30cbec9ccf82660148891b,0
0xf13e81be9a5d614d1e5e8c15d1ca3ebb1b950de0,0
0x7f85fc436821dfa80e374c31ad5169927e2334c2,0
0xc191bf9012ce0c5931db06b8e945264a7c5266c0,0
0x15c03d35e9ba5ded1ec71500991a8a2d089e2461,0
0x422eb50e0c4c5d896f7f039ca018abaf5fe9ec29,0
0xfeddefa94367a17b9b18a31d0e5406d7c3f02823,0
0xffd61f1576d3ede3d1370b07d2d5f76d1a3cea88,0
0xffd38d26831deb44f880870e83cf682ff3d82aee,0
0xffd32bc44124733dbf619bdc9e2aa16495f16caa,0
0xffceb8e1c7f964fd7b9e1bc258c0b3312965851b,0
0xffcd6e84d1e5d35e73846b43e493357a97f9fc1d,0
0x7171e421fee430eacca3918109aa9921d11b9b30,0
0xe33438dcfea0d8d012ceebe07049bc3d4e2cf1c6,0
0xffd4247ba397314a841c0f01c3affafe1f13f902,0
0xffd2fd70b5650924da80d4cfd746900bf35cfc3d,0
0xffd1b9818fdddb482d91d804ba2d0e61987e9694,0
0xffcf1a414755c34dcc874d813ac41978b1c43d0d,0
0xe34b296a7483164fb5fada08ba250fb88b3fc845,0
0x2067730c49e209e01c255220e6395bf1eaca3ba3,0
0xd11bd1e84bc54578ea0b2728780ab9b20287c83a,0
0x6c0276b9574ff39e422192812b2775dc8f9642ce,0
0x79b9d2ad4070617aef91b7ae5b1de5cc88fe4b52,0
0xffd5f36becccd07eed327a0012037d1ebdaeee5c,0
0xffd1a6be3de20c9a29ef7c2d1353f51271644d68,0
0xffd26d04a5102cfdc9888d8ca2b2579cee90fab3,0
0x0fcd5aaa9e0fc447b0811bc4ee246bb11124dfde,0
0xffd3fed063934d4c0efc800a7ce1d251307673a7,0
0xffd0de4eacb8877f201e4b1cfca31e51b9508161,0
0xffd23cb5f6816575626b5f9ee00a5cdf942f8445,0
0xffce362e365c86427f7fa2a98d9f2190d716dd88,0
0x9665bbbbb059d10e0823f15ac150dc41b91acdf2,0
0x7137ec99d9edcde42e1affaf2384bf4e4a44d889,0
0x79ac08526d77230d4fbcef05a93317dd247cafb5,1
0x0b3cfec4d9ed042cdecd7ef575c26aef192dde29,0
0xbf045cebc5d825ba31c5b4dc428fd64d3a90133d,0
0x6d2525ae61efc5016c9e341eeaeada2e1bcaec23,0
0x42f7fbc35dfd3de662c13ef6191f0ee95d9495eb,0
0xffd601f079020256dea5e5102fe0d31e27816422,0
0xffd396732c079911a0a5a30d1e0f1797568b7019,0
0xffd185b82a94ebc1492f9d5e80ff8c786b845784,0
0xffce49387276b7820011978769e250ed4e8225b1,0
0xffcfa54e08bd20b8c4fa1f8dedba195c46167f02,0
0xffd237a88a325b3bed83ccc56d28bb5812d8cb87,0
0x735a6bbb6817e73d842532499b214f19fcfbb7b0,1
0x1d23b4c30a1f6e9161febfb60471713550c35ad8,1
0xf0902de295929a76f3ebc96f13b29e4632aa356c,0
0xbb5cd8b5eb5f4dfd35881ad488735482f1b03b50,0
0xffd5cd6004a9a88160a9bd2c9b2516ce9fc0d1a7,0
0xffd43cc685448adc0d10b6f41ee332811e0ebfa0,0
0x478f65e8a960e45879db0d8eb28acbf752e99295,0
0x7db20bce6a036b98db3e3781ac8dca8f5109b8d3,0
0x1259415f4e61c025807adf9a2fb02b75b984ade0,0
0xffd6416d2bd397715c2cee92cd56997014d64a62,0
0xffd0ad3799767ed586df89430cffcd7a317d4b91,0
0xf6650a1525fe3784eccaaa3fd28afcbbabb074f2,0
0xffd514526a689b67179ea9faf6d1ba3fcd644afc,0
0xffd2823409ab4e2f807c43521f0a7a571db55664,0
0x11a6a040f629482b967e77f2b9665438a7387081,0
0x9f94a897d6f4ac39c1e98d416051025d7c531979,0
0x09a760754c2b18024a26a1062e9e13f6697ccc55,0
0xc209afbbce29cd9c0774f05c611b8838aed531b3,0
0x8e9c665d4821ed048c99723d2b2dc6039cbb8223,1
0x8221c366de785bf38d7b05d43e260a4223e9d0b1,0
0xffced7baf29b27b860bceba7b146b6ec16410e92,0
0xffd28df5affb2044d6c2e7f92469d5023018a636,0
0xffcd5a992f2f2af38b3ee9878d3d80baf3c9d2df,0
0xffceed9f387afc7bdb318a5cb43b77746e0e2e10,0
0x0b57f8dd29007cdc46002639116a2c81a8b3633d,1
0xffd4f70913875f1875e82a2171c5432ab31e3c80,0
0xffd662eb1a81ec093aa0bbd4dd38bad4a9cd7006,0
0xffd2ff35691984a108d99cdda3ddac730607ae96,0
0x507b719ce11958ac277be08bc70dc3b664c5bfa3,1
0x2febe88fefffdbdee7eba1784cb1d872c372567b,0
0x3975de1ad60e81f080565538925b2f12b750d391,0
0xffcf1a1d1bde99b498d91bf5aa2a7aea5059c227,0
0xffd3c266915fadf73510a6b05770b90aa3877150,0
0xddb5b7bf7a018e64a2f3e6626bf3711dc636bee4,0
0xffd5ca0d0432422558664e7a799fb5d8c3ca5e0a,0
0xffd54156b5ad33c812356ef35ca4e2af69a4d5cc,0
0xffd4b54685c6f0803711bb5d335e2c48bc04bace,0
0xffd2490732d021166af0945f3165d9c6c05bc4ea,0
0xffce6414c4ee53ec22294a0dd7c4686c0c0d6870,0
0xffce3881fc46c911aa84c9953c223d340e964147,0
0x375f842b65e5baa2d1ae9a99069d8f5e3bda94cb,0
0xffd4a1b45dc0b7b18006f37d723c08212e66e95b,0
0xffd2d8cb8c9502c44d605d2bc8580086244ff126,0
0xffd28f535ec93ce168fb9e2b52b8e730e53006f2,0
0xffd030a4c6d05ae57486e666838bebd2b5502268,0
0xffce4936d2de5d5918715b99a8875f351d2616d1,0
0xffcdd3af7dba9987e3f410a9e36373de4d7afc88,0
0x02ae7305cef85c855a67a59de4f1e2bb47e8ef2c,0
0x600a4bcbe24186b10b5c9ec066d255784781bc95,0
0xec1b78a0b2064b0e9cfec1a103f04b30a75129cb,0
0x050058638985181790c553dd22cd8486579d55ae,0
0x6c30d550a835b6a33f74611babb75e6cbd2f4c76,0
0x7c3d7d60efcc7758ce2a82256d9cb8ef8087b6cf,0
0x8216f6909c8190882c41ec87b36f729c4f73ee55,0
0xc8a368390225576c88d4cbcca5d61e26529d7be5,0
0x35f2d6446da2eae739ea1694a7bdad5a77ada258,0
0xffd3d726c240f35fe2d8e5715eafcbe1118e1b13,0
0xffd2e250f0a4cefe7966d162635ca87e12775075,0
0xffd1be8f2e4b5131c30f6210537a637084ddefc8,0
0xffd10f5c96856ae33bd37ff6044556142b49f3e8,0
0xffd490e8e3f079f43615b9d0bd5b3f8575c8bfc4,0
0xffd47581450fbcf1b729187d42d2c797a55e0dea,0
0xffd4db53b48c0d3d9480dd75cf4afb1c2708f62f,0
0x97d53f6158ae7578d65bc38c0e0bd98bef2a84bd,1
0xed73455de4809e46d78d75128c190b2f6281d9f9,1
0x59bed83a385571ffac0fc15a43f0f6f72e66dccb,0
0x6bd913da4e6e4865b7d06cba688f408f1d7d0024,0
0x50f87165858fe873587884121673a1c6031ebc49,0
0xffd43d625bfc9e690ba42b05d4cddc4c35993835,0
0xffd1195c6d29ca7dce4ca47ce9c23d01c24c281c,0
0xffce5dbdde830686f2d1d1ccfa85cbb95f358ed8,0
0xffce15e745460a7b57ef7009c17699c0993d5d55,0
0xffcd7301432cfe25a9c6cfef54e266f875903acf,0
0x4be33c16c52c46e011ed37eff2e592a2f5145fcf,0
0x5a5c3d9a6617322b591b229e91758e4170fba992,0
0xffd608c6f3d654d6cc55f747e04cd1ffe53db79e,0
0xffd45927078cb4024b06181c0c5d59783776aca7,0
0xffd31e23709dd808009e8552f1881dc31b6f8a42,0
0xffcff431ca2041dfcc2ea6e57ad56a25d9736b13,0
0xffd38ed124b5517dfb7819b68f3c1f73d2a5fbb4,0
0xffd330ceca24a24201bf9e746c020fd9b46eee90,0
0x82199759107ea3a97703e1779ea651a6a7954ed2,0
0x9dd1f413fbcf32fbf8b26705f045f0af95ce3205,0
0x7bbac6a28a8268a50bd3b4fed47809843cc18a5a,0
0x2d00c411989ed97af2faf6fc5eaea4326f367a25,0
0x48ba2f91830e68c208ae35a166048bd0bc239ddb,0
0xd6c50cac5c311a26f27412b45d21d41827510d69,0
0xeb2124b7a02219e099d28add770ff45b0fdb418b,0
0x408c845dab42fb5f9a446b13ec2e0e53a5c57564,0
0xe4289283991ac41a0dae12e4431d3b6afed79fc5,0
0xead566f4cbaf2a436f443e54d1b665193eb47801,0
0xba13a6c7ce9cb0cc06e4885e3a70240a54517abf,0
0xffd4569f004a965c1640697154427bfa21deb091,0
0xffd3c1fb1a83cb81e91754c4cc7493d106682aba,0
0xffd31920efba3139533947c862d993fb564840bd,0
0xffcf0390ba643752986518dda712814592d00525,0
0xdd3255366f2f676ae971bf79c21702272e87eafc,0
0x69b2154f4c79d49477820789f975ffdfc956a1f9,0
0x2b7eab9c9d328300c774d52817d3b7f7e7f291e4,0
0x970aef4f023e191e365d61e6cf6a4578da55c770,0
0xc13c81d89a78171f872bc0ca529123c4794688a0,0
0x18754065395899f893663571bb11a5463e770fde,0
0xffd5a229858c42d3dfe19cba40dab18acb42ec03,0
0xffd41bb82de1f5207f80ef615cc00b1b2003015f,0
0xffcece40b1b609fe1d835b217851140ed215733a,0
0xffcf5a71c9225930736f36ff68ad222a42ef0c4a,0
0xffcf2e51f76e4d801e2878330b34829a66a36bbc,0
0xffce82b058af1a0c4afd63cb5170f98c2dec2503,0
0x30d29003e411816927f5bb1ef87ad2c9c3b01f70,0
0x1089d712615e876f1e8cf656c109f9f348becc23,0
0xffd65e31d3dc8151613f0304bc1f7315d9f20466,0
0xffd2f71bc56ceef82642d93f37358d72a1673739,0
0xffcd2a00e6b3767cb2eaea70e34740c89c493101,0
0xffccda41d5b0d0ff15a26cc2d7bbd72361d75a14,0
0xffcf9cc1f1f807f8e394d0aeab48829279592819,0
0x09fa31e835150ab84337d835fd3973766fd8cefc,0
0x3da19bd72575bf6e766656fac87fe3edc9f78215,0
0x639d37199cb6cfe761756b91bf361be873ba4896,0
0xffd52ad2c473d15c770a135130d29808bb736c52,0
0xffd33d794827756f73da3ae41f5792b6334d90ce,0
0xffcf84ec71874c88e3878f342171f65eda113599,0
0x390cc1152e0e3f23395eca7ca6a62c5ee1c0939b,0
0xffd1dae3b10360f6fcb57866ae987393dd4ade6d,0
0xffcd6f1d9534de0657e4ccc336e1cb70775ffc81,0
0xffcd407a39384eb61f5bb0e2a790358ba4d58582,0
0xffccff2ad2eae5dee34f4d93f79fb0ed06fa3757,0
0x70ed9c982c962f519f9567a1b32034a49f6a9be9,0
0xfd283962e4704a7da01e129d0f398b17b77f451f,1
0xce36b455563a2b4130de468c313991d0537c4fd2,0
0xafb119291982b222f9f365b6dc1fc26d32cdf925,0
0xe532b6765f8cfbc5e02d6c1ebee765c31733d667,0
0xffd5187d240c3b81f47512eaea57c4dd79798bd4,0
0xffd50ab152c82e2aa808278ebd95531b30c8e45e,0
0xffd27622c5a31f680d51afb81673663c1de5d19d,0
0xffd11badd362a7c2ceaab7125112e97f6fbbd751,0
0xffceca861d19efc3f8918a0ff64d17c95b543ac3,0
0x53decd48bf7088a5875b7655894c30d9d754e6c1,0
0x2336998de5a3ce2d5387edf28630d1511a500ace,0
0x6b183bdc25c0b07682b39e44590553e5b1fc15ea,0
0xffcfc3c809b981c601f41ca6c48e9ca7b01e266d,0
0xffcdf8a8992069453307280253aac26cad54efc4,0
0x7686b658208de336f3465211400ea09fa5659711,0
0xc04a149c07ad1b26a4c6eac16ef5150c68d3a0b5,0
0xffd113eb6ce316cd80650a66007a16acead4df9a,0
0xffd10bb8212244c7d12fed20ceb8686cd59cd74e,0
0xffcdf27c616e4e0557e8b32aef84f34de116d16f,0
0x503f2b98d6c15a0e494a3626bc5d088a57f5c363,0
0x204f42ec50389e321cece563cd6877801e6b43dd,0
0x282dd8315fd8370c4dca87cc5f231ab6dac07dfe,0
0xffd634ac48807655d05558ce3fc629d1fc9d6ad5,0
0xffd4f3c1577fa5bffb3defe29ba5be6617cef82e,0
0xffd3ba84c6d0750f028046fb114f8a52239d2922,0
0xffd0f5fa2a5976c2456ef2ff5fdb49f569c893b3,0
0xffd4bb9dcee3a050ebe8683fad621ca8f39c9d7a,0
0x601427e3f23b74f4a22de8d676f8a158d1efe008,0
0xd28a99dd70fc3dbea2d08e723df2b3eb86032fb6,0
0xee160325dbbd0c1346430b2ab388a0212a4f6b72,0
0x12c80b5c747dcf39cb1774a1099ea8c8e9a90336,0
0xc91cd870786229673b16898dda7ad702862e1d73,0
0xffcf3435f0445333d25eb601fe1a148859c17a8b,0
0xffcf185d3ea2285d55458f2b9560e93f2dbea6b5,0
0xffcd3430ddbc0f5f01930704d6ccf0b93ce4668c,0
0x2b35ec2889ac03fb687095799afc4a3d26e5c2b7,0
0x7ae37f00fb365b858729a29ea3438c0a4e68c216,0
0xa6c5a672b3450f4dfaaee345c58123b7a8568a0d,0
0x8356054817a58f7e3683fa41e40c5efda4e2c148,0
0x259d630d774d4ee051faa3ea35af2c6684cea69f,0
0xe880b65f1b09561ae56add32686b25992fb31561,0
0xfa414b582f1a1c26831343f93c9ef5a45617eb21,0
0xffd64074aa67375ba157dfc4ec10482d72c4bea4,0
0xffd34d56cd0917b7e5b6c23c35be14bbac98989c,0
0xffd30e91aa1f5f4abcf31148fac56fac17459995,0
0xffd0618c86692dbe9f79d7ec07eb832935639bcc,0
0xffce58c6a13c79c7f9cfe12cc0ec6413d24ecca7,0
0xffccf1e9082e6ea712cb1d93827a6ac31473a7c2,0
0xd208b31addbefb587457dee484a6ce5806ae69e3,0
0x7ada57ba9e5d727deba5bae86ca1bc2cc4728bac,0
0x814fbebc79b30f058334d8a5d05c4561eb7724d6,0
0x227966b36af3afc59b7014cd65738163a081f93c,0
0xffd50010bacb40a6b570a62ddb3ded6dc7096c48,0
0xffd4d1720a2a8af1b7d11e15f9d7d4ed9edba00c,0
0xffd3b8beb4bdea899f0882b6eb6b7f3a6ad40081,0
0xffd0bdb588bc9acd89008b8ab26462fcfe8711e2,0
0xffcc8d863af6038a906f98dafcbd94ab3305aa1c,0
0xffd5b75c88ee3e0b5b77bba682265624e1f545fa,0
0xffd510fed427e2a3be1df5b34ec01c5cc99de52d,0
0xfb1da7e6539ff9c0ac6bd680f2dfd4b2bc0d2950,0
0xb0259aaad20915500bf28fa6c9a1f3261a70d2c2,0
0x4d2b5324795d36e45cacbff3462cfb1d27cef77b,0
0x4979890ef85a307353845fb0b8b2a7284771fed7,0
0xa5c743f5be2adfca2efdcd4e1ee79e55a4f6e978,0
0xd5300d8b396cb09fa4f5b5c627b44363fdf3475d,1
0x765c862deed103bab2bdb4a4de54b8ebe484021a,1
0x50086d34d477c1e65e25605359ecdad4a72fb875,1
0x7cb89874c77752eb324484f913ec315ada8a214e,0
0xffd3249b7ab150ab5b16992faf293e2bcbcb77e2,0
0xffd1ea13486883ce62d7abe73f34c72508baa1e4,0
0xffd1d72117ca679bd337f2afce2ffb5338629c81,0
0xffcfecc31f126d03e44873c3870e236ef47318f8,0
0xffd3a505f8599c9afcc3df6962b2e0e35c5c9abf,0
0xffcf9a8e3fedcfaa7d1228ff53e779eb96857169,0
0xffcf8666b25626618e17830819154813e499ea56,0
0xffcdd2ffc0b9dd7b0a988aa11d805bbca7a0ebb3,0
0x58a1fa9567f2b4bc0260b799995e49b31b0e6752,0
0x6e76dac3f8687503344465da29606c7c8b707f10,0
0x54750bdb13efbd1ac176632f6178dc34206b43a7,0
0x16d97ec1c7637978ffbbcc71bd76864cfaef3334,0
0xc7a5da0cdd587aeac6aee82befd310414bef9695,0
0x6f192203081de372f90b469781c4cce3517f6603,1
0x570efe05b96c53f2af9879781fcd863bbdbd034e,0
0xc5da545286398d8728dadf596a0f918d4fa129e3,0
0xffd4406b1d8c8b2eaa7ce932b6c2f180dfc2328c,0
0xffd46816707c91bab47254eb7d919eea6ca4b009,0
0xffce8ac065d2ff0ac31df1bbebbc4953a1b9ffdb,0
0xffccb7747da61d6f27d3603e878974fb2ed8a70d,0
0xeed7e8f105eb3e38198ab494d334c9d660ce2c1f,0
0xffd57bb51196f8e824c8b0e70307fe98c690c8b3,0
0xffd4ca336da560acc0f631e84600b394e2ec2afa,0
0xb9feb8e8353061711d0186fbaaa0ff5045ed4195,0
0x3835f54cb754bd7a6f8b5fa4438e0b3006c4d45b,0
0x5358b2dc838fa0d97ddfbcbc88fe3393b2a8d93d,0
0xe9048e7190e03dd900fa8d70ee7362eceb41fe1c,0
0x243c98937812391f3017be4e94292ff09da79433,0
0xc29602a0a6e4ef69c1271f8c194216850328b557,0
0x45b54c555ef01a094c296a341ad8c81dde300011,0
0xdc50baaa94834b30b468b187db895dde2dea3f19,0
0x68acc44271352ad61d8dd06e6d6e44e42a9930a2,0
0xffd60b9263067a6947a9a49ea6a06844258b8dec,0
0xffd540228c53310bd03e723e1454ff0333ef0c41,0
0xffd4cdd715b2c920b9edee320c2d1a5359e7f946,0
0xffd376d76a944edf34247540a1d8dff9dd8fa3f6,0
0xffd361d7606e30f097b588944b888f5b76a19bfa,0
0xffcc8077afa9217117c755a92d8a9639cc075c24,0
0xffcd299013c9db89de955f487a710c202e19f315,0
0xf03e917ee7459d0588d3bff70ad41aaa0e35ec3d,0
0xeb6bfb2cd18fabb512ad81b6740533cd43bbd5df,0
0x3c994ffd6d667e64c8f6da7485a64eb74f90e2fe,0
0xd659e029a64a275a8e73335379d4cb372c7339f4,0
0xffd41efead45eff6eb1f5691f3e0f862985a50cf,0
0xffd2f38a91c9ab2e8b3bdd3fc21a473d389ed714,0
0xffd1317062926b4dedffc52c653b995ada79d402,0
0xffcf13334311546a81b407fa89a22b4897703f11,0
0xffccb4d379d68b8354ba35ae4eb0ccfc97d9040a,0
0xffd2064c6eec613fbaf090e9067ee63136fd0e85,0
0xb86d93c8b89a3e2de6c2680f3e93b156b1ed7e04,0
0x459bdbff17c91e932d68b56ef19dfd31b0d45db7,0
0x665a3bacc67e3605bbc5bc133cfb136527594dcc,0
0xd38b6c8c30bb3b343cc90b3252e90e3c703fea5a,0
0xed58fb2211771f6c23e05f2fc58bc830db2c7053,0
0xffcf6e613175bf6256bfe011c9ec8892bd69449b,0
0xffd34196d0d2985daa9d74c791f1a065f2b04c6d,0
0xffcec5126e89c55625234f2de3be422641f97bad,0
0xffce8ed0be3a83ed25495eae16b88b0a4220c872,0
0xb900a09d7adc57f6828e9e0b6a1f6d9ad85f7087,0
0x9d4fdca4b873a70cefa4f17d1538f1de7729138a,0
0xd1f4763dc0b4b75c3407ad7828744916388c6872,0
0xc2e98e2b47ff82baac9c8721907fcc128da0a82a,0
0x5414a51efba5b2fed6a3935df0222cdf819b1887,0
0xffd44c7aac8c58a5ca35a96119c83e9629d2bd48,0
0xffd20ed36721cd5a294191f1f91eff922efb2a73,0
0xffcdeb5f7b5d4eafe29ae6ffafaf6a8b5f38a4c6,0
0x24b5cfd8988e367c9a8276cb8ca16eb491041f08,0
0x262cd52dcffc413d3dd9f69c627b89deb6769576,0
0x63dece5a5ce6c6443463e9bb7abc244832c67f63,0
0x4646898f93eb705ff3f777fbf05fd05c8d4b6bc8,1
0xa58216b5dee13ad86fa9f8d98db533583725deb4,0
0x373744b3e2150b869a43c66b82d51432c8eb7627,0
0x30a9d4be1cc294a6a6c30afba07e39f9a0a77049,0
0x1d67166a8e1588d081eb0d1ea5e3f749d171889e,0
0x8d4bf6a4a323a9d5b36a5671d9e962a2addccd39,0
0xffcfdded8ccf79584e010b0a0d38f88efd482dda,0
0xffcf344cac785d8deeb09125feecc974fed93bd7,0
0xbc8d1de760821bddc494ab4b8030bd419ee37240,0
0x04ab112333263af07b72322b25f9a776cffd3e08,0
0xffd662045d5a6dfadd87683347169261590c02dc,0
0xffd6032c5d926655fa3a4a3bf6cef3686db28424,1
0xffd33051d3651cc9b2a56197c1a2f7081b8fa1f0,0
0xffd2adb98dcc17e873184be8828a3b1a8a9f0548,0
0xffd01555bc461eb004cca2f06a0d06c2792ec149,0
0x565f5810acf7b968e10b5d3e1df0b8da3bee4adc,0
0xaf603c61e34eedc379f008eec27c98175ccf65b0,0
0x871c6614afa271844cb96e735a65b61dd096c3c5,1
0xffd1a952430cbd0bfa9a9b1abcc760eece150138,0
0xffcfa55ec268ec0eb7056bd957fad9bc542b9748,0
0xffd39bbe1b9d819d1e247cbf4ae1c0177299f91d,0
0xffd03c56686c0914af7dfddd88f2349e2f56d069,0
0xefb86601deb8f7aba0e0cca1c190b3bdbb65d8f0,0
0xffd51957acd74edd3ccd1a799b2179a45d738e19,0
0xffd4789ff6f476f8e8f94f9e5d2a711ea6da78e9,0
0xfed2ffa01f6cb47146f0ab1bea5fe5dc38383c7a,0
0x0edb86653cd12e25c5b182b7bc785067fb2ee71b,0
0x2199580d0d2ce0f6fc897846f7ff14922c0bd555,0
0xd1020f36fc6bde884a6868b36639d514aada0259,0
0x22d30e4a0548331712bfa084ab93a43af7fcc32c,0
0xffd65460a5dbc3ac716346b16e4552bea73965ea,0
0xffd5e83469125d2ca0059461dbd6f28cb028eecb,0
0xffd4d27259333ab62342d916dafc1eb089456a8f,0
0xffcf1138ecdca44f1d17720a61d1be3f62a35bbf,0
0xffcdb44dd09f3b07639093c5434cb7da5db2c2d1,0
0xa3016046cdf9323d7529fb0cb637a69d75d8e0d7,0
0xe2d9107aa6a7d2484d932824cd87a333655b2cdf,0
0x60b02881e3880001822db823aa76e37976d1fe85,0
0xffcc789d8e3e5765af973b09d75c69d0011be19d,0
0xffd0b147d8b69824b47905c6cd0aa4f7b148ca39,0
0xffcd04c2ec740ca6407e1646132d561c88c4c6c9,0
0x5277b2f328964480cc79bfffa9b62aaf7e0536f1,0
0xa820ee63c157e3088891a7741f1b177adeaff0bc,0
0x74b908c34a8a2f8fd2fac6988824fe7314ac3e59,0
0x41063f06501a7ed8a92cf35745e000f8246d90c4,1
0x520ce6f0493f8438985e8062c75361effe321b4d,0
0xffcf5482eb691447567316c1ebce8218d72898b6,0
0xffd08aebc1c40f90704641ec9f66d6b0675959b8,0
0x8e84038ebe9b080d2e4fa238f43499e801ad7fe4,0
0xcbdaa5612e027b7d86cdf6c43cad47d1eac0d238,0
0xef76037ad82e838904eecbb7a7effd34f3f75fcb,0
0xed206eefdfd9ed232469bfe44db64b5cbac2a2cb,0
0xfc2a0392c4b407fdc3a0bfea043be7520f73a901,0
0x6baef7b881170b823fabe34c07c70e92da01166b,0
0xffd1c1cef773ff6f88949e69b01d6fe66c7c6cb1,0
0xffcfb3c30ec49adfef970cb94f18cd6a428f3ed6,0
0xffd36855a404e507cb869d92bed8099b03c52ea0,0
0x787129765dd8dd7fbc46e1d52e031359ec8400a9,0
0x6e6db471d28f8c5d53bec6af670061fb80c5e2bb,1
0xffd637d86cb41a03237f651b458dac55d4036749,0
0xffd5cd51c27575ec641b9e2044508d6bd2a44baf,0
0xffd4bb04449bdb979a52f06ee84a82d724cb014d,0
0xffd2a916bcae236e3745be894ed51597e8ea6f3d,0
0xffcfa41a3ec66f962aa4f0a3cc4712c4c08bcfe2,0
0xffd405b4ad20c6febd93a20387b6c0fa12f533dd,0
0xffcf2ba60e2980fc8a5507dfaea2ea69834a1782,0
0xccc5112a6bb3355ecd5c533c95e5a3795f5c15b3,0
0x176a84c7a40dc033cff5e194311b1a81919260d9,0
0xcbd85fff5106a42d622be7f9e528db0bff07da8a,0
0xb59deb450ac710c2545e5aa5098fcbca3a8bc19c,0
0x5f2809677917aa6cd47b50bb93f4d4ad8baf2513,0
0x1e932f3d106a7e41cdf988120fffa807d8eb06f3,0
0xf6c850b09ca97b8711376b8ff8a7577b48e06256,0
0xf365b22f397adae271dcabb40ee90d4092a57a33,0
0xffd35f9d6c33b1c5f3c86d01f8ef797460322894,0
0xffcef74ba566ca206ed985a1f25bdb0a8e57bf01,0
0xffccfd0858d1e87a804a4e13d3dc33ba5c93fc95,0
0x4891a5706b38fa0774fca096dc51f338c25f808d,0
0x873ad3e54d73ccde678531f43c250b4b7e2abda2,1
0x81c25424cb59587d6cffc60571d69306a1a8d5c2,0
0xffd34b7d4e5931dbf2653eb93dce97086a2e7ec4,0
0xffd0b17362b66a7ac3c854f94e691bc364e563bd,0
0xffcc73a0e7ea2f6c4752c31bac8c4b283b515800,0
0xffd018ea57bdcee05a4d17b1e641ef9ff24b71e1,0
0xffd107c8927119d2ae3e55c5705728bbb07f1643,0
0xecb7b5502627af75cf039c76abbae741f8df0751,0
0xffd65600cb9bc892a499145ce719ba1c97bc02a3,0
0xffd6280054a0839339c44495e6f1189ab6c0b904,0
0xffd4c3f5fd1f4e9e7caaded57eee726bfd0052ff,0
0xffd2787cc3c74b31861ce40cde6c800612d7f18a,0
0xffcdd3d2a76124ce7aa541003c56bd74d823ec40,0
0xffcdb7955dbdc5b726017fb72ada08bab8ea2738,0
0x0aebe5da513fbf5ce9de08d6f3581202869c7bb7,0
0xc94ebe983bc608acce7b5266c833887c3b0fad53,0
0xcffc2b1f0037840517989e5db58e6477573efdca,0
0x7b1442ea6149f05f20e3afaf4cb3017cfe28e441,0
0xd2487cb703b266fd38e41a480fa111abd8668749,0
0x3f91dbdc694dd5456da5dde3f89d3ed4a957e236,1
0x81790d7d6c432882ed0280a054660c4b42160ea5,0
0x0c07ef27cfd6a1657c6b7431341f2ddff5d9dd72,0
0xffd2385e5eeeb850ed15bd6858ccfb99fb4e2a19,0
0xffd207b0a4975ea57d2057f91429a390b8960f0e,0
0xffd37af98dad700d2d29fdbd869d749f368700ce,0
0xffcf66de71f13a4823334917a4d5a22302854d3a,0
0xffce2a9b9e46ce9267e810637b5d7f16fba2b2a6,0
0xffcd0a38b725d4770ffe90294a17a212777fc776,0
0xffce19c5c44e2fdc74a1d2bd24a93c3e1d991d43,0
0x97bd0288f28399de8c5e77099c75f1e81ea78e7f,0
0x179bd87ecea2c934ca9334c41173340837a7c920,0
0x54d0f79fa689f58bb03aedca2c8a4275c7f3570b,0
0xffd64698a45f0dde213fbc8f6dbbe1fc8f51f03c,0
0xffd5f945ab3a4886259a113616f5b6dfb16a9a0b,0
0xffd11ccd28542f680413a65b8d4f0518000319a6,0
0xffce62a9e95df68f7aaac5f73829d2aae474ae7f,0
0xffd0d6152c0718376ba68e06f644c4d5dd61b185,0
0xffce8162c69b4303e572991de45818d1a8f528aa,0
0xffccf8c9a56b10c7a2b2b44233ee8397439e2d70,0
0xbf7bad1fbb8099601a211ddd6b3dc0cf719f3974,0
0xd782dbf97584d926313c9319c0837e7aa67a119a,0
0xffd63491ccdc5a359eff768da6ec0fae0c4d6fb0,0
0xffd41efa69c224bb2addc285e8347ca0d640bfba,0
0xffcfe8f6b67923e9494f91572039bad918130097,0
0xffce67ff3460eefee418a639b8642a28c4ed989d,0
0xdd146eb452b61b9521f808fca4a6c137b929b07a,0
0xa0bc76fb2f4e04899fc498c39657a872af591648,0
0xe5151377de6d558fd2cc508d49a9db2e95d4fc35,0
0xcd12abff956d2f6bc755295cee7a6bb4382b7f32,0
0x3893ceeda153d83d423fb92d15226ff1c78b2c7d,0
0xbb8c1fa3cc4a0a9877abc1eb23996a1117626e25,0
0x98a7800eb17e1a0e2b2a4b69e83c58f4535f2180,0
0xdbbec10dd6b2c71fdebe3d01330d468fbd9a1f71,0
0xffd275996fe53d4388e02eafa76d4e0730c154d5,0
0xffd227b7a1c7065475879644d0a0aa80d9d27a2f,0
0xffd0ec20c788c5f49f3023d314869ad24e91d8d0,0
0xffcd4ac3d89f378210dd51250a97c35db3fa86e5,0
0xffd0e6e6a9668d91b7514d04e15b902f614e4976,0
0xffccefb3ad18366e105fd8a4bced022940597249,0
0xffcf00770cb255d721b4948de7466275a8167492,0
0x0929b91d8625445d6cf61959601a609325e560bb,0
0xd3c83317925797b7865194df180af3756784e2bf,0
0x6ec2e2c230fb4ef478023ff21ef7fff4a8d4c879,0
0x3dd0da1db09451d0fdd9fb12196c675f4bf8cf5c,0
0xffd5cb76b43432b9892de1e1c395c079c90eb382,0
0xffd58c7566a3229cefe5a005736c54f7cbbe4b16,0
0xffd5317112eda6e6fecef9b2e41c8ba4ac42ee31,0
0xffd40e4f37dd9f4d67ea0ea4574edacfb2221485,0
0xffcefc576eb0d9b126ca316227e1705b6cf1679b,0
0xffce2736fe633ee23389a27b7b5a36669b468cfd,0
0xffccf43fde1206120beda8dc0dcea11b21ee3751,0
0xffd2582dd1bbd2176e2414624647594cdad30568,0
0xffcfbad7367b428954dfb571c6f7a6768848fbfa,0
0xe2c8fef42d267e365b85989f9eee44543e985855,0
0xc05edcdeb16dd1acc21f2e43f89854914e31ab58,0
0x3ae2058ef446ac3fcb940700bf24b84dadfc6e61,0
0xf95c61866fc2faf1a911d96b0d64c0860b61c5ce,0
0xb7c7cc3a9c3fd63d95a30124881782e72d50cb1b,0
0xffd55c187be6d4b401bd5a91d0a108f08e3ef7e6,0
0xffd32f1c0e62a34b7802b480a2a6da1c34717d2a,0
0xffce2a38761e7e9ecc6e2cc3a5ae1fbf38d9c8b2,0
0x76c5d6c6b97def4efb61d77d9577f8c2e79c8872,0
0xcbae6758a7accbab98b5281658b39d5ca6ca519c,0
0xa2db94bb034311c30735a115be3239dc206cfa30,1
0xffd69d23fff701cf1e9b18da011d1da2c8a96d90,0
0xffd522e649b05da94d0aa31525faa80d7c334272,0
0xffd13e22a63dcc8220d7f83fe38da6b21cdd0d16,0
0xffce12417f329884f12fad8c6b2bcb0219f1a8c2,0
0x25b241ef0f90252142e535b609ff2f0c9d4b910c,0
0x0a9b3e9040be8a8106647994fd41c20c51b6c8b9,0
0xffd264b891b2396f774ec118a1f6ea6af02ddefa,0
0xffd16df03c231b8e7c77144a4d9518ea95964e5c,0
0xffcfc4bcb3599d7700e5fcc0e9e078b89b84fcd4,0
0xffccb599c3d2a90f2be8b8a2ad929ede2b9784b4,0
0xffcfb186d6825a28bfb9cbf0020e2128c6f88bb9,0
0x359eadb05c9fce753fae3193c2ee9a400ed7e274,0
0x5f9256d81814eefa1dd67ad376e3150fb121732a,0
0x6eb39b15829a19c1328a204bf1ca018ad5a83fad,0
0xa74bca8686fddeb5c90e5019062f66b0df6c6c89,0
0xffd54f87fd177b40174928818e6a7d863d7349ac,0
0xffd3e995a9cb33eb5a2370b70bcd7b4a37b3787f,0
0xffce8d935c88aa963cd5e3a51bdd88467a13a71c,0
0xffcdff9c033fc54642b4e78bc8c7fcfe57d9300e,0
0xffcd20f12be894c2677042256caa997f4be13eb2,0
0xd7e88ffe7427cd70e249d0a2180aca39da7833de,0
0x3ea6680e1886344d01f3f72d6f61f76b4712bf10,0
0xefbdab2b7b7e66f4fdbbcc5fbeb8785787762342,0
0xb9f8e68f597035bd07acd811d93409882911353b,0
0x485a482f530513dcbadb38f3f651849f086a97ab,0
0x1bd92952585c40bcc94c10271df2aa6f913f4408,0
0xffd69170c85ef7452793b88277e37aff955e5f46,0
0xffd49a428db8953ba3f99fa589b8fa426d37bdd3,0
0xffd0d570abaf0accfdb86b2e552baa694c7f273e,0
0xffcf14d45215f53019fa94045edfe511f60309f5,0
0xffd45ecf716468f43ad1ecabe85f31581d0562c2,0
0xffcde122d74fe6bcd88e88690a898200a6918238,0
0x3ea6478b93e8b25aa2fa553224dd3554e3cbd8b9,1
0x2657f12c2cced6e29e54c752e2b95d9c41306e17,1
0xa7767b8d556a6c5b822c070207eebad5a89457fe,0
0x73fa0ad6b06207be2b8c1fe221239c6be00890cb,0
0x65bca0fe1dcbcace0ca066c2ddb5b818d952f5ac,0
0x1b79fd64d56428fd1f148fb3123f36f457cea738,0
0xffd588f287016e41c5c2c9bc4a38a5e1ff1f608a,0
0xffd4a717539ea6dd9beeeb0c1dab09bb335074e5,0
0xffd3796c822b7147a9e7cb7ff32e16fcf2fbaeac,0
0xffd1d47a2fbc10d44e737f7b304c89da69cad4d1,0
0xf89083acb8dfe78fe8335a595b72631abfe68462,0
0x1440e288ff635703b47ff3b8ae25300999a1bfa9,0
0x5f0985a8aad85e82fd592a23cc0501e4345fb18c,0
0xffd45a05d049c86404edaaa0437619a1df226ef5,0
0xffd32eb71827cf509532fbb3e13345e1798fea9f,0
0xffd29ba067d639cab77f5ecfb0212d83b77407e7,0
0xffd1959967adde30ce79e0ea4a869285146333eb,0
0xffcde79a34055d285c120b2408ec73cbfe719f38,0
0xffcd23faf044fc06769dad654b8d52c25eb66919,0
0xffcdb9cee997dec4030182a3f4ae3df18a26c66b,0
0xebebbecd89786bed7e24c5155488ca3438ba888a,0
0x0ab676e7c459572f99268da247a613870d115c0d,0
0x89e283a688d224c1d5a129c041c1fa645fe422aa,0
0xd18d5b3aadc71fbda8c201dd1a7af2afc53d0f68,0
0xffce1629e6d244b45f7f86f5c598baa5f685d691,0
0x0a986c26cb36960258ccf31b53fcc71151282394,0
0xa31fcd3a269f8d80c2f92a0cf577f0edcf482f9c,0
0xffd55a7bd3e024660a49935ec1b0850556c14620,0
0xffd324a403b541c8a7bbf5e12b44aeea975d9231,0
0xffd2d6e5a138df9e4b1ce56c4783d59c2763d2eb,0
0xffd02a33bda223eefce3d3b695a87911c6d014b4,0
0xffd1b48d2f5ea35074a74d13ebb7c95ec20e13be,0
0xffd2409f4338738cf5104be82c94e4f59bd49e4e,0
0xffcda8754bfef5e64227c22011b7bb281c54476c,0
0x2345767ce6a765ba1b2e666bb75fd5c07c7c0dca,0
0x6a1528c74502a335fc445a95bbafcf35b863805b,0
0x537fc1b568114e9a9e9c30056093518d587f0bc2,1
0x2d8657e902047fc150d180ce216a28cb6e1d784b,0
0xffd50de649d106d66cbbc7436b90b7a7f4f27f71,0
0xffd45d8956ea27f0d41d9df78cb4f7fb9e32daa9,0
0xffcced56f2b12c11e019cbd1bbd87304fb961e01,0
0x179a60a8acf90b000cef6f4288ad8307f41301c0,0
0x0939a4932f317403862f5ff3cb2a195536122176,0
0xffd5b00b012f36eb59d6a9f82f046fdf1750ef19,0
0xffd4e1ff92251acc5749adba9aa08df3ec92596f,0
0xffcf7c9bc2665dab11a157cb1ad183e802e12551,0
0xffcf174b0599e2a9d46c33941849000011be8214,0
0xffce27a235279c69027b8e9d9bce6b1699860905,0
0xffcf70735728128758fccfaa4f654e0f80704bb0,0
0xf8bdf620cb66ed7a10515bfd7e4f36197dc7255c,0
0xed89e6ee93a481951c16e7e68239117f97c1e17d,0
0xb546323d4411549e54842d8b2c94a51183ce9d97,0
0x1d5bf36a8cd987b92cd0d6bc0106dad931d68ad1,0
0xffd68e0f5bfc2c053befe51b63ef045ac876cc2f,0
0xffd215552f801c6c6741b7263dfbfe50f1e6e5a1,0
0xffd1e05b3760af8a6428bb034d2b15a56662d068,0
0xffd3168310cac016bfefa59660f05a2605e91dc3,0
0xffd27efa2d0c4cc04d33dc9ad457cb812011c8c9,0
0xffd02667aeecc15349c83b2ae0452b34819ae497,0
0xffd1afb135aab902135c52004e7cdbf380bb16aa,0
0xe097609857095fe9a89986f67e5e99fddcd72bbc,0
0xf63b63c3342a337f8e28c3e8c4ffdcd3ba28f748,0
0xc4335c541cbb337e88bc53432d0540e33e430dd0,0
0x43f6dc774dc0562a0f3ca98145d8cb2e8ba4d975,0
0x085029f953bb91e3fa02cd77d125a734fc94cd38,0
0xffd1afd0ec4b439bb37d80a1f6870aa40f556211,0
0xffcded260824a0acac08c4a543d9a4dc7a7a9e26,0
0xffd04eb24d6ad4af629e76fa1471cf98b75ea558,0
0xffce4be663578c34c05c230e3770a7ab874819fb,0
0xffce138e7b5757572f7e9bbcb37fb5b62fce1b5d,0
0xffd4c06b9b383920c9ddfd1f0ba0ec48aba23e56,0
0xffd409f04235b01ee05f6e2069f588919f6bb7a9,0
0xffd20d995d5cf6b114521ec6b7ca539b033bab38,0
0xffcd7906f2c313bc0f7c82efc48beecd9978315a,0
0xca835f231cdbdde1f3687bc4ff7528233a9302f1,0
0x52a79af41a25df8c42015a03af178cc5fda2e382,0
0x9d55957b60dafb5bfcbec018c7fefff0b6fee83b,0
0xffcee9c09b04c6bad8e5d1eb83ef2d26b0868e23,0
0xffd368697875aac0d96501756910b53b76d0f22e,0
0xffd489b0660750613489bd7eb7aa447b4546e435,0
0xfc4fcb0af08abf517a40be9357bd8e76573fedea,1
0x985c9c6f8f8cc29b4d38e80fb5781e86d96aad5e,0
0x1253c5a80cb7b52b85ddbde90f24a480b6f5b2e1,0
0xffd59ea355c86c0741d969c7601a49d77266d46f,0
0xffd267cdeed8c96a2a9964dc267cd1be74af087f,0
0xffcebbad24bce086b25d2e974c0fe5979508db62,0
0xffcd5b718d150c0b0d880f7de1b5de37ad9c3e42,0
0xffcd05202220658e56b351196668089664ba8e35,0
0x6212120501f005268bdb15db13bc4c6aa5e14d9a,0
0x29e106f0cd8162aa651ba7b1994588e331e0efea,1
0xfb2fc788702cd2301e87ebc0d1e373922b98e148,0
0x6a380514760cf07adaeae682d27f90b7d8ac95e6,0
0xf0535e0a7ba6df862b91a76ff18482ac89200c3d,0
0xffd6266b0cac10e89ab7dc0ba3aba84440bed447,0
0xffd5abbbfa1d91b47a99b9eb557d9f9a1d090dd2,0
0xffd208064d18934e909349d01110829171edaa34,0
0xffcd7a2e49628d8f04aa58a8714714e91ce07a45,0
0xffd0297882fb98aba65a43a436ae1c8e44e4dfe7,0
